sub_id,hu_1,hu_2,hu_3,hu_4,hu_5,hu_6,hu_7
001_1.JPG,3.079754044438652,8.479788205360189,9.999715821948376,9.999719474815958,-10.0,-9.999999989407053,-10.0
001_10.JPG,3.073863521396891,8.54785150989039,9.998965483484515,9.999078967844124,10.0,-9.999999994654353,-10.0
001_11.JPG,3.079183131216466,8.617992676107633,9.99949366438746,9.999109515543969,-10.0,-9.999999964069467,10.0
001_12.JPG,3.071156225455028,8.41222648400139,9.999529368422307,9.999543150215791,-10.0,-9.999999972118895,10.0
001_13.JPG,3.0543913344952123,8.447800124565768,9.999305357139914,9.999114822379363,-10.0,-9.999999959051827,10.0
001_14.JPG,3.0801973951347823,8.603514565163668,9.999423112365509,9.999613314286105,-10.0,9.999999994853,-10.0
001_15.JPG,3.063819980206602,8.365842282792032,9.99790899263691,9.997133955103704,-10.0,-9.999999935778453,9.999999999999998
001_16.JPG,3.095749706856578,8.905139079231315,9.999258557430533,9.998354116219243,-10.0,-9.99999994516282,-10.0
001_17.JPG,3.0843454136219584,8.716798439575298,9.999462705973157,9.999939621374857,-10.0,-9.999999997444304,10.0
001_18.JPG,3.0865789613934127,8.718298789524559,9.999645056037641,9.99966228628189,-10.0,-9.999999987981782,10.0
001_19.JPG,3.0739919368223796,8.573436089565172,9.99950400613869,9.998644018571756,-10.0,-9.99999994550128,-10.0
001_2.JPG,3.078469886902731,8.526971535697701,9.999867801675347,9.999727968554224,10.0,9.999999986526257,-10.0
001_20.JPG,3.0753518121740537,8.64167522066442,9.999618344999183,9.999985303253913,-10.0,-9.999999999716842,-10.0
001_21.JPG,3.085065524614032,8.879319318983526,9.999824430813174,9.999954207021613,10.0,-9.999999999172317,10.0
001_22.JPG,3.0688425976529694,8.560107686414577,9.999822470227771,9.999498461218893,10.0,-9.999999976634802,10.0
001_23.JPG,3.0830066202702375,8.584869652409566,9.999835813917269,9.999466180555975,-10.0,-9.99999998270374,10.0
001_24.JPG,3.0475984938873313,8.723261836292805,9.998952948757655,9.994708032430898,-9.999999999999998,-9.99999981704123,-9.999999999999998
001_25.JPG,3.085576116733339,8.66709578863531,9.999245033977362,9.999513890554637,-10.0,-9.999999982988617,10.0
001_26.JPG,3.054960586343605,8.338146868502083,9.999813645469303,9.99935312480044,10.0,-9.99999997955767,-10.0
001_27.JPG,3.0699810994227907,8.56571115108536,9.999411163786103,9.999314403291173,-10.0,-9.999999968886254,-10.0
001_28.JPG,3.076623620152209,8.46790713183446,9.998716470300048,9.99963732107249,-10.0,-9.999999980818341,10.0
001_29.JPG,3.0852465657840877,8.883062622180574,9.999186248444095,9.999305587219746,-10.0,-9.999999976187341,10.0
001_3.JPG,3.074768567135151,8.504824838848878,9.999081111930133,9.999176624773169,-10.0,-9.999999954949507,10.0
001_30.JPG,3.0578167142945674,8.732140392739552,9.999818969783204,9.999649990912799,10.0,9.999999985868545,-10.0
001_31.JPG,3.0664472353127015,8.393355059950574,9.994650023433866,9.99893598135593,10.0,9.999999940404788,-10.0
001_32.JPG,3.093587449872588,8.769251418077733,9.999248555312496,9.998097388125311,-10.0,-9.999999923840502,10.0
001_33.JPG,3.0412828129702993,8.312179855013813,9.992164761842105,9.998297888687423,10.0,9.999999902004662,-9.999999999999998
001_34.JPG,3.079593604896312,8.590950166120646,9.9993983287381,9.998676716251149,-10.0,-9.999999934852804,-10.0
001_35.JPG,3.0598594208887238,8.330532577170684,9.999804384867664,9.998636681046797,-10.0,-9.999999914608276,-10.0
001_36.JPG,3.078827346297261,8.529807900137058,9.999597516005736,9.99925068740111,-10.0,-9.999999977662258,-10.0
001_37.JPG,3.078505336536375,8.670343193654015,9.999941179958679,9.999799605746759,-10.0,-9.999999991516708,-10.0
001_38.JPG,3.0705843927227985,8.600887006251687,9.999373163400463,9.99805193289442,-10.0,-9.999999951901813,-10.0
001_39.JPG,3.0770609488574654,9.091074805904183,9.999867171141737,9.999790096449791,-10.0,-9.999999995122064,-10.0
001_4.JPG,3.077078716732963,8.25147309188099,9.989308338616041,9.993936015665957,-9.999999999999993,-9.999999571390072,9.999999999999991
001_40.JPG,3.062366018515405,8.411276178678222,9.99972170470333,9.999950677447478,-10.0,9.99999999940482,10.0
001_41.JPG,3.051366884228133,8.286874231504562,9.999809856187529,9.999787111009478,-10.0,-9.999999984845276,-10.0
001_42.JPG,3.094609491311098,9.013092148472136,9.999816810476714,9.999742912764306,-10.0,9.999999997145249,10.0
001_43.JPG,3.061043030863897,8.326946351779927,9.99872582506322,9.99864702295618,-10.0,9.99999997185479,-10.0
001_44.JPG,3.0736072508575445,8.371446969118193,9.998666766329496,9.999400743062317,10.0,9.999999964746518,-10.0
001_45.JPG,3.0834023286110144,8.481064490605661,9.999838116222627,9.99972999585802,-10.0,9.999999994813706,10.0
001_46.JPG,3.0780596602105383,8.426977770677663,9.997039620672563,9.99835103891548,-10.0,-9.999999910571848,-10.0
001_47.JPG,3.071767154088245,8.446305947270162,9.998188369596384,9.998848991384392,-10.0,-9.999999977033875,10.0
001_48.JPG,3.0776662940791284,8.63417051736188,9.999221554751776,9.999917238441363,-10.0,-9.999999996216138,-10.0
001_49.JPG,3.0696268936264453,8.327686394925845,9.99909161906593,9.99849787788812,-10.0,-9.99999996125308,-10.0
001_5.JPG,3.076664970768262,8.518424867551998,9.99893033574724,9.998709219172682,10.0,9.999999934577785,10.0
001_50.JPG,3.0555602592706297,8.590055598457305,9.998507151725258,9.997115353721423,10.0,9.999999901938763,-9.999999999999998
001_6.JPG,3.0806657159660364,8.488053451383639,9.999097109529991,9.998535513861544,10.0,-9.999999949254956,10.0
001_7.JPG,3.048604482717825,8.35536753897158,9.999988844820018,9.99969716149979,10.0,-9.999999990218063,-10.0
001_8.JPG,3.066375962665427,8.32368687571812,9.999969974772831,9.999633644943064,-10.0,-9.999999981821071,10.0
001_9.JPG,3.0822209212888145,8.544738110958303,9.999778356006937,9.999778856283001,-10.0,-9.999999990706735,10.0
002_1.JPG,3.1029119514905816,8.901052559439146,9.998711568926685,9.999976972652,-10.0,-9.999999999975982,-10.0
002_10.JPG,3.0690208629978804,8.358410154468652,9.998888928906306,9.999205992816474,-10.0,-9.999999982505846,10.0
002_11.JPG,3.0666993741928197,8.328752061106217,9.99735409167294,9.99196882564792,-9.999999999999991,-9.999999572029681,9.999999999999998
002_12.JPG,3.090020823402461,8.55250779005574,9.999431150742568,9.998939501920692,10.0,9.999999996259382,10.0
002_13.JPG,3.085926458923614,8.608056877785318,9.998389330601807,9.998562825696393,-10.0,-9.999999935796858,10.0
002_14.JPG,3.067809877595256,8.395063996134374,9.999660717700687,9.999890302032162,-10.0,9.999999997609534,-10.0
002_15.JPG,3.086840127079629,8.57545838416151,9.999198439069309,9.999736490805088,-10.0,-9.999999990325993,10.0
002_16.JPG,3.081463332225406,8.45204257110623,9.999902231057272,9.999655286496312,10.0,9.999999988973027,-10.0
002_17.JPG,3.078494784246474,8.533582115082684,9.999378700350839,9.999504163406577,10.0,9.999999976096294,10.0
002_18.JPG,3.0886366267902163,8.65611720395873,9.999304066116188,9.999256440053845,-10.0,-9.999999967124538,-10.0
002_19.JPG,3.0968695583592436,8.56208117703422,9.99989109436314,9.999937308810122,10.0,-9.99999999943219,-10.0
002_2.JPG,3.076833418661955,8.432775989061227,9.996949571061146,9.997604280072618,-9.999999999999998,-9.999999978399101,9.999999999999998
002_20.JPG,3.0871673901491827,8.847038489774363,9.999904938432426,9.999925743971229,-10.0,-9.99999999779576,-10.0
002_21.JPG,3.103450718062178,8.822188786765272,9.999037584792143,9.998996507695509,10.0,9.999999978399313,10.0
002_22.JPG,3.0942714319143234,8.825728788406662,9.99936556106146,9.999715624197227,-10.0,-9.999999991382737,-10.0
002_23.JPG,3.0936373407789746,8.764306421286479,9.999195215688745,9.999032839087564,10.0,9.999999973096527,10.0
002_24.JPG,3.0767618177353704,8.37830789417265,9.999233794040425,9.99997234829867,-10.0,-9.999999998312163,10.0
002_25.JPG,3.085934448801266,8.771907905017297,9.99955067259727,9.99972511028268,10.0,9.999999991174969,10.0
002_26.jpg,3.0953228667109824,8.769892026699237,9.999392272111615,9.998604151774991,-10.0,-9.999999944115983,-10.0
002_27.JPG,3.0792650911927737,8.364429898942761,9.999460671564735,9.999252382248992,-10.0,-9.999999957563755,-10.0
002_28.jpg,3.080132240514669,8.717461066873076,9.999518005629044,9.999499134098556,-10.0,-9.999999985990225,10.0
002_29.JPG,3.092138857037125,8.683806404860002,9.99918689888471,9.998441305237506,-10.0,-9.999999939976975,10.0
002_3.JPG,3.0795315580214915,8.521250502757006,9.999138107028722,9.998963468587773,-10.0,-9.999999944977006,10.0
002_30.JPG,3.0689677258935997,8.441599407179023,9.998026842708063,9.999190775691902,10.0,9.999999955383013,-10.0
002_31.JPG,3.075499466222797,8.56425541887641,9.999623287409479,9.998749734100286,-10.0,-9.999999954946212,10.0
002_32.JPG,3.0861936986959955,8.6438866317915,9.999999171019601,9.999971694900385,10.0,-9.999999999009102,-10.0
002_33.JPG,3.074798791784614,8.50435928725944,9.999850798738962,9.999942737251557,-10.0,-9.99999999782706,-10.0
002_34.JPG,3.096170288083109,8.759176959694317,9.999646669796599,9.999565302521965,-10.0,-9.999999985165967,10.0
002_35.JPG,3.0844935813352503,8.441742649322427,9.99945848026682,9.999381079403989,-10.0,-9.99999997184792,-10.0
002_36.JPG,3.0758208642244247,8.42840406024649,9.999990393836368,9.999719064762878,10.0,-9.999999983354202,-10.0
002_37.JPG,3.0993195368429514,9.162080846552556,9.999988956752249,9.999599241413838,-10.0,-9.999999990273908,-10.0
002_38.JPG,3.089605267525445,8.666346902155835,9.999975248321613,9.99991680235697,10.0,9.99999999623418,10.0
002_39.JPG,3.0838112956386223,8.693589165981635,9.996638721255405,9.998373713288796,-10.0,-9.999999970170778,-10.0
002_4.JPG,3.0939548519287805,8.763853650862337,9.999994676467882,9.999996897935251,-10.0,-9.999999999902162,-10.0
002_40.JPG,3.0917488626335126,8.716959770489359,9.999412028629953,9.999779631340072,10.0,9.999999998986553,10.0
002_41.JPG,3.0825916552062314,8.532221023736241,9.999911443960046,9.999995485701652,10.0,-9.99999999982922,10.0
002_42.JPG,3.07444198183589,8.425456639892818,9.999840729180185,9.999445034757445,10.0,-9.999999968130698,-10.0
002_43.JPG,3.043351582066692,8.479014787753602,9.999257702072216,9.996778729577017,-9.999999999999998,-9.999999830984454,-10.0
002_44.JPG,3.0811751768755418,8.59234563808478,9.99909354190304,9.998956214880161,-10.0,-9.999999951480842,10.0
002_45.JPG,3.085790496116098,8.800361514162558,9.999849758470793,9.999498807877451,-10.0,9.999999996198358,-10.0
002_46.JPG,3.0779846015298036,8.477365963891891,9.9954480504175,9.99894599167285,10.0,9.999999979834541,-10.0
002_47.JPG,3.0885999820610244,8.74599221328226,9.998795870866422,9.999072651226736,-10.0,-9.999999969355764,-10.0
002_48.JPG,3.0743681644335976,8.570984262997058,9.998675579907438,9.99928459058189,-10.0,-9.999999981776698,-10.0
002_49.JPG,3.0733779396251237,8.40774706043412,9.99877016026857,9.999139859896264,-10.0,-9.999999972014944,-10.0
002_5.JPG,3.0821503082392665,8.540880020625588,9.999982766099782,9.999991669888798,-10.0,-9.999999999585894,10.0
002_50.JPG,3.0778404150023535,8.568331156869109,9.99945386572448,9.999917589708465,-10.0,-9.999999998226917,-10.0
002_6.JPG,3.087471889013852,8.68031556674119,9.999418998414432,9.998793147622935,-10.0,-9.99999994981705,10.0
002_7.JPG,3.0850790206426946,8.571269506562379,9.99993253521249,9.999962133521183,-10.0,-9.999999999336476,10.0
002_8.JPG,3.072818965383882,8.387701352528733,9.999840851150005,9.997852999321873,-10.0,-9.999999864097674,10.0
002_9.JPG,3.0916000758382856,8.721733372552224,9.99959140580278,9.998301385684755,-10.0,-9.999999981453211,-10.0
003_1.JPG,3.070251243349515,8.63692951833527,9.99953590426416,9.999859337534241,10.0,-9.99999999388887,-10.0
003_10.JPG,3.0304548316741964,8.062715607008984,9.998101129344716,9.997164928799485,-9.999999999999998,-9.999999746566669,-10.0
003_11.JPG,3.06583501833377,8.487194911675655,9.999218893112754,9.999416847552286,-10.0,-9.999999967964435,-10.0
003_12.JPG,3.0943100989724894,8.681501194180301,9.998343914041133,9.99877765669318,10.0,9.999999974309347,10.0
003_13.JPG,3.086523379236224,8.854256069542753,9.999688085847982,9.999204083760464,10.0,9.999999976014717,10.0
003_14.JPG,3.0861782565272526,8.577092725560385,9.998506812669413,9.999865184032723,-10.0,-9.999999993231246,-10.0
003_15.JPG,3.0845610523080706,8.671876778723442,9.999349095978765,9.998803376387587,10.0,9.999999959153003,-10.0
003_16.JPG,3.0791872793376753,8.56742406224528,9.998133553878505,9.99869176500301,-10.0,-9.999999981797743,10.0
003_17.JPG,3.0584728682673084,8.295401534014156,9.999859319272415,9.998981181702518,-10.0,-9.999999928125892,-10.0
003_18.JPG,3.0670360746256424,8.353798739877542,9.999723133554149,9.998970067423455,-10.0,-9.999999933327286,10.0
003_19.JPG,3.0547806115699223,8.295540823464403,9.999945938657056,9.999473898753067,-10.0,-9.999999988691876,10.0
003_2.JPG,3.066584791107484,8.42951524066594,9.99791088098232,9.998845050372026,-10.0,-9.99999997285665,10.0
003_20.JPG,3.0648050365740156,8.339300150791454,9.998839185231866,9.99870804765358,10.0,-9.999999988000523,10.0
003_21.JPG,3.0476689690446506,8.305784828238643,9.997281813268296,9.996984641754382,-9.999999999999998,-9.999999799354702,10.0
003_22.JPG,3.0667541402047647,8.55735767780144,9.99970809720605,9.999534619953211,-10.0,-9.999999976441217,-10.0
003_23.JPG,3.077143526169579,8.735944296498426,9.999412559613464,9.999427190376206,-10.0,-9.999999976123634,10.0
003_24.JPG,3.0860228291198744,8.96206310016181,9.99997116334949,9.99982732626058,-10.0,-9.999999995435495,10.0
003_25.JPG,3.060078461967044,8.536281153497784,9.99969733476695,9.999560651662495,10.0,-9.999999997373159,-10.0
003_26.JPG,3.046884104887253,8.221026902472836,9.998788428574828,9.999771850244965,-10.0,-9.999999984638146,10.0
003_27.JPG,3.0464987100017797,8.342977358608344,9.998992598177637,9.998501224573948,10.0,9.999999948076482,10.0
003_28.JPG,3.0529952750562668,8.372478404647168,9.999964058981977,9.99990194212054,-10.0,9.999999994283607,10.0
003_29.JPG,3.041050119986869,8.28840568584506,9.998577056514776,9.999260423624952,-10.0,-9.999999947513086,10.0
003_3.JPG,3.0480211019205403,8.517770924201459,9.99843147555668,9.997158714217981,-9.999999999999998,-9.999999857597652,10.0
003_30.JPG,3.0658010416737125,8.50989600400239,9.99987733426629,9.999931194155542,10.0,9.999999999700673,10.0
003_31.JPG,3.060736081540071,8.450653186911218,9.999327790335258,9.999118136844698,10.0,9.999999948210672,-10.0
003_32.JPG,3.0416469327269855,8.154259703173663,9.997999891569934,9.99954908823332,-10.0,-9.999999997171376,-10.0
003_33.JPG,3.052059418247608,8.374713470617513,9.999882918493618,9.999915737248303,-10.0,-9.999999997621744,-10.0
003_34.JPG,3.0687897894322886,8.489487511352829,9.999667652471038,9.998694501772885,-10.0,-9.999999929492768,-10.0
003_35.JPG,3.073339407311966,8.694374806401722,9.99941877568282,9.99978094178631,-10.0,9.99999999660166,10.0
003_36.JPG,3.0559250961907463,8.614610794264811,9.998795482502514,9.999681341032163,-10.0,9.999999991897488,-10.0
003_37.JPG,3.042178226850603,8.59734641488653,9.999195618710571,9.997171115910785,-9.999999999999998,-9.999999861252261,10.0
003_38.JPG,3.061823763596484,8.434574577921525,9.997034548207745,9.995255416652682,-9.999999999999996,-9.999999762659963,-9.999999999999996
003_39.JPG,3.047578205922291,8.467834929306177,9.989367887212229,9.994801761186888,-9.999999999999993,-9.99999981056272,-9.999999999999995
003_4.JPG,3.0542938852299497,8.438172685173727,9.997439703248578,9.998845270316743,-10.0,-9.99999996811514,10.0
003_40.JPG,3.055792373145425,8.209611411401138,9.999979571617729,9.999282777626695,10.0,9.999999944068149,-10.0
003_41.JPG,3.0541321663242753,8.579358286897742,9.999335547682898,9.998910723161313,10.0,9.999999977953253,10.0
003_42.JPG,3.053457325288435,8.710981263716794,9.99918228108828,9.999054505920476,10.0,-9.999999989654757,-10.0
003_43.JPG,3.0237104362240483,8.21648499539958,9.997167632674433,9.988516739173201,-9.999999999999995,-9.99999986052537,-9.999999999999986
003_44.JPG,3.0647202743938315,8.479036613568383,9.999711614600267,9.999539953940719,-10.0,-9.999999976051752,10.0
003_45.JPG,2.955241609327925,8.840472165258268,9.916327567351766,9.979488823776167,-9.99999999999979,-9.999999866768144,9.999999999999963
003_46.JPG,3.0595510290287646,8.30370617962841,9.999684972119326,9.99996883309557,10.0,9.999999999822734,10.0
003_47.JPG,3.073588587934216,8.512602447005996,9.999508232725498,9.999275379406402,10.0,9.99999998998508,10.0
003_48.JPG,3.06617925617706,8.723844292320624,9.998239739481164,9.997893811483575,9.999999999999998,9.999999917966935,10.0
003_49.JPG,3.055251829572917,8.515165408211107,9.998200533274947,9.999073003618365,-10.0,-9.999999990849549,-10.0
003_5.JPG,3.0667987020773575,8.796215796008836,9.99994249239428,9.999716759897115,10.0,9.99999998903412,-10.0
003_50.JPG,3.0568060264956025,8.254538204560111,9.998674112362036,9.996856522532134,-9.999999999999998,-9.99999977233743,9.999999999999998
003_6.JPG,3.053685472871636,8.30285312642739,9.999800430159281,9.999540342608546,10.0,9.999999971542817,-10.0
003_7.JPG,2.9889051214452516,8.139924846508695,9.997369784505105,9.994701406175722,-9.999999999999998,9.999999927918138,9.999999999999996
003_8.JPG,3.049830927134136,8.419045212302278,9.999370077780792,9.998983443111264,10.0,-9.999999995173434,10.0
003_9.JPG,3.0310212969930372,8.196758035372488,9.998997573606815,9.998762545335227,-10.0,-9.999999993291622,10.0
004_1.JPG,3.083620825433091,8.615774480515208,9.999092059761164,9.999196156597455,10.0,9.999999964638697,10.0
004_10.JPG,3.079516449698707,8.800354797883118,9.999540296667591,9.9982455253494,-10.0,-9.999999942473869,10.0
004_100.JPG,3.075093272814744,8.604354432687778,9.999120424736212,9.9991014990106,10.0,9.999999958420892,-10.0
004_101.JPG,3.069147103250452,8.380309302269172,9.999686532885594,9.999640337202328,-10.0,-9.999999977528368,10.0
004_102.JPG,3.0615617468054546,8.50167977130996,9.999325593641496,9.999129776382102,10.0,9.999999987779683,10.0
004_103.JPG,3.0829554335136797,8.58101803936253,9.99980336232268,9.999843650520349,10.0,-9.999999999651658,10.0
004_104.JPG,3.073346181767909,8.410426722644603,9.999839640659486,9.999842837426309,-10.0,-9.99999999336814,-10.0
004_105.JPG,3.089704378438171,8.763439599092127,9.999636001786392,9.999178928723405,10.0,9.999999983359897,10.0
004_106.JPG,3.086791568441859,8.882080427963231,9.999800253923569,9.999276792676621,-10.0,-9.99999997482483,10.0
004_107.JPG,3.086876188176312,8.722256729320431,9.998297988022463,9.99762377671349,9.999999999999998,9.999999901778526,-10.0
004_108.JPG,3.0825480984683495,8.523238206321917,9.999150027942205,9.999465569383702,-10.0,-9.999999976737143,-10.0
004_109.JPG,3.0856538579550277,8.535467081369372,9.99974273001452,9.999696418623131,-10.0,-9.999999993958323,-10.0
004_11.JPG,3.0805066846285634,8.499492924192007,9.999953230926726,9.999102682265645,-10.0,-9.999999986441166,10.0
004_110.JPG,3.08403713378187,8.683697928763745,9.999021754985693,9.9977717634125,-10.0,-9.999999992057711,10.0
004_111.JPG,3.0886247134415674,8.743939884135942,9.999911886034711,9.999507418027086,-10.0,9.999999997709455,10.0
004_112.JPG,3.094544158415862,8.709450614942037,9.999670583599931,9.999126920048047,-10.0,-9.999999963562377,-10.0
004_113.JPG,3.0957383369888793,8.669952085945095,9.999273024410671,9.998828801992117,-10.0,-9.999999947384254,10.0
004_114.JPG,3.0924295555225205,8.645580103852767,9.999325759742991,9.999126395210766,-10.0,-9.999999967502534,10.0
004_115.JPG,3.0939771773793563,8.717379722618471,9.999675181255022,9.999817909662353,-10.0,-9.999999992491368,10.0
004_116.JPG,3.080978023969536,8.521828100643067,9.999979182853577,9.99994499683009,10.0,9.999999997113251,-10.0
004_117.JPG,3.085437409568614,8.776490110343264,9.999667970689579,9.999438598688887,10.0,9.999999978290605,-10.0
004_118.JPG,3.083599142659912,8.635998262879077,9.999645959130817,9.999606355126438,-10.0,-9.9999999823629,-10.0
004_119.JPG,3.077043427697417,8.492408732228238,9.999589610780228,9.998497725180693,-10.0,9.999999982899634,-10.0
004_12.JPG,3.078985864452605,8.547841071816524,9.998992399313726,9.998493599070828,-10.0,-9.999999933113848,-10.0
004_120.JPG,3.094845914346195,8.723460671601917,9.999785648743474,9.999775799870205,-10.0,-9.999999991099614,10.0
004_121.JPG,3.0844011031206624,8.38309959299943,9.998736049840623,9.999183339930857,10.0,9.999999991085598,10.0
004_122.JPG,3.0856242634068467,8.68616686832464,9.999556008844923,9.999438054682358,-10.0,-9.999999980569488,10.0
004_123.JPG,3.0671533430027003,8.332334888145123,9.999450857786712,9.999135215987572,-10.0,-9.999999997393438,10.0
004_124.JPG,3.091157397401415,8.572824274510054,9.998172294062943,9.998304187409634,-10.0,-9.999999969737457,10.0
004_125.JPG,3.0842351180593903,8.560693945809584,9.999522129061505,9.999791391697288,-10.0,-9.999999995828864,10.0
004_126.JPG,3.0863907120690093,8.716997833874709,9.99946392792534,9.998812550716986,-10.0,-9.99999995415759,-10.0
004_127.jpg,3.0868569137185813,8.562045306578948,9.999582646090214,9.999540617318804,10.0,9.999999981893877,10.0
004_128.JPG,3.0826836924743426,8.540561302593767,9.999966202409759,9.999245751362796,-10.0,-9.999999966753789,10.0
004_129.JPG,3.100279964189501,8.742003893466418,9.999989603612164,9.999896250942625,10.0,9.999999998275115,-10.0
004_13.JPG,3.0666302782969037,8.367924808140598,9.99902178615904,9.999615482521406,10.0,-9.999999991366476,-10.0
004_130.JPG,3.0870006708343327,8.687981935746052,9.999351070367437,9.999279729622858,10.0,9.999999992848982,10.0
004_131.jpg,3.0740860771930127,8.404707232531553,9.99977972802436,9.999629957717952,-10.0,-9.999999978653918,10.0
004_132.jpg,3.0571653099785387,8.3322309656242,9.999092727481628,9.999377335897414,-10.0,-9.999999987690872,10.0
004_133.JPG,3.0752469766481996,8.393236778589616,9.999935121254309,9.999966020723278,10.0,9.999999997986693,-10.0
004_134.jpg,3.062835078852717,8.355007085463797,9.99906619207103,9.999238887194286,10.0,9.999999958065597,-10.0
004_135.jpg,3.0826526937268066,8.719471703689727,9.999277738364402,9.9996911651964,10.0,-9.999999996392086,10.0
004_136.JPG,3.07727748107594,8.471346483935024,9.999018810569604,9.9994284532766,10.0,9.999999970892505,10.0
004_137.JPG,3.0807919682516003,8.46581794516271,9.997521096050088,9.998293894119717,-10.0,-9.999999979442803,10.0
004_138.JPG,3.0579762317479853,8.267417534642375,9.999527070422962,9.998717430308119,-10.0,-9.999999918647292,-10.0
004_139.JPG,3.0802772209532994,8.486207774605134,9.999945820435789,9.999973416091978,-10.0,-9.999999999531646,-10.0
004_14.JPG,3.051029384820067,8.330960212628131,9.999660496157961,9.999840505017538,10.0,-9.999999997815456,10.0
004_140.JPG,3.0866169631825398,8.565431953634802,9.999778040839507,9.999908770154393,-10.0,-9.999999995407364,10.0
004_141.JPG,3.0837644695120794,8.463410288799281,9.999465101731877,9.998642695984236,-10.0,-9.9999999301713,10.0
004_142.JPG,3.061783281328092,8.288362742689795,9.999976151988461,9.999508378634996,-10.0,9.999999978508733,10.0
004_143.JPG,3.0785187854285576,8.470592663661295,9.999678430557998,9.999598794601889,-10.0,-9.999999982059968,10.0
004_144.JPG,3.069366006254782,8.302235814742671,9.999838411941779,9.999656978646032,10.0,-9.999999997552493,-10.0
004_145.JPG,3.0866616458122476,8.42967894823709,9.999933060521588,9.999841211266075,-10.0,9.999999998335547,-10.0
004_146.JPG,3.0726470130153882,8.39085011489638,9.998390010288649,9.997952400189128,-10.0,-9.999999871384205,10.0
004_147.JPG,3.078880134352271,8.78159722673431,9.999431845209221,9.998001082545683,-10.0,-9.999999932286691,10.0
004_148.JPG,3.065335460802273,8.34567004739423,9.99883461301937,9.998669017051201,10.0,9.999999913178653,-10.0
004_149.JPG,3.077661282394042,8.466558034209799,9.99956954690733,9.999103855529812,10.0,9.999999983213218,-10.0
004_15.JPG,3.0552065885310618,8.312482444737153,9.999464700943145,9.999404939450496,10.0,9.999999965756214,-10.0
004_150.JPG,3.0714376003295927,8.43904609259799,9.998593993406747,9.997304877565428,10.0,9.999999971625577,9.999999999999998
004_151.JPG,3.0694155708067035,8.39806417838561,9.999896170884453,9.999594159696922,10.0,9.999999975860174,10.0
004_152.JPG,3.069349239572599,8.311388526717376,9.999598369245206,9.99900461897807,-10.0,-9.99999999720969,10.0
004_153.JPG,3.0805457340962046,8.418919768732358,9.99989213197435,9.999900423368404,10.0,-9.999999998756175,-10.0
004_154.JPG,3.0890235865832505,8.608400800089989,9.999517111789531,9.998708164377344,-10.0,-9.999999937180744,10.0
004_155.jpg,3.088658365823761,8.742820317698467,9.999434026049219,9.999517926080937,-10.0,-9.9999999807145,10.0
004_156.JPG,3.0582264274471234,8.238943359101093,9.999900652393116,9.999862504486414,-10.0,9.999999995517186,10.0
004_157.JPG,3.0824808158504577,8.720989436728095,9.99958496309734,9.99980991731995,10.0,9.999999994611862,-10.0
004_158.JPG,3.0756549188865163,8.75200147156986,9.999888338075593,9.999909502111564,10.0,9.999999996319993,-10.0
004_159.JPG,3.083451771300018,8.505842084113114,9.99993272879683,9.999975153119287,-10.0,9.999999998675994,-10.0
004_16.JPG,3.068514381427224,8.640428042519533,9.999383756762512,9.99938551855449,10.0,9.999999971658942,10.0
004_160.JPG,3.0736756078316474,8.384747752795244,9.998448003678376,9.997541262217014,-10.0,-9.999999873968342,10.0
004_161.JPG,3.0596347036906577,8.254303877919217,9.999991953003553,9.999853822404642,10.0,-9.99999999467639,10.0
004_162.JPG,3.069766520889803,8.501786390166878,9.999983170264874,9.999681445669932,10.0,9.9999999824895,-10.0
004_163.JPG,3.0604637457283146,8.36448873275634,9.999688035602706,9.999934076478736,-10.0,-9.99999999587833,10.0
004_164.JPG,3.0794697700495943,8.485377788095173,9.999599423936381,9.999839103091945,-10.0,-9.999999992647089,10.0
004_165.JPG,3.076886450918666,8.510244792346864,9.999505339670424,9.99974760830337,10.0,9.999999987490494,-10.0
004_166.JPG,3.0835249222050405,8.689381003933086,9.999602662898768,9.999404105833504,10.0,9.999999981623054,10.0
004_167.JPG,3.0812535434254067,8.554850522480752,9.999988255362169,9.999938902958236,10.0,9.999999996839948,10.0
004_168.JPG,3.0869365430155677,8.873612173380863,9.999740448506572,9.998688176749306,-10.0,-9.99999997181278,-10.0
004_169.JPG,3.0881649309683707,8.750637437835486,9.999906571535158,9.999989443477055,-10.0,-9.999999999845503,-10.0
004_17.JPG,3.0747267851056495,8.855698633114793,9.999738318240846,9.999982215653013,10.0,-9.999999999826866,-10.0
004_170.JPG,3.0729449776111655,8.482752705590375,9.999194566502739,9.99825165635503,-10.0,-9.999999941878828,-10.0
004_171.JPG,3.0747990877451645,8.5878283708274,9.999489878574929,9.999666106550174,10.0,9.999999995130862,-10.0
004_172.JPG,3.074155860929566,8.579092511508337,9.999884082755683,9.999871675243039,10.0,9.999999996112896,-10.0
004_173.JPG,3.0744772152642583,8.419113319978505,9.999890070485405,9.999899535483921,-10.0,-9.999999993938305,10.0
004_174.JPG,3.097954330112377,9.003058390618685,9.999794256357415,9.999952686876336,-10.0,-9.999999999210141,-10.0
004_175.JPG,3.0720007464023658,8.441360646664453,9.998987699444848,9.996533764447715,-9.999999999999998,-9.999999962825216,-9.999999999999998
004_176.JPG,3.0835415565319644,8.63782668795988,9.999944629794287,9.999982557477635,10.0,9.999999999327619,-10.0
004_177.JPG,3.065104833636976,8.913472659294646,9.998927619527745,9.999554608529166,10.0,9.999999988397319,-10.0
004_178.JPG,3.07039845618252,8.522140932487643,9.99940439899162,9.998577554191419,-10.0,-9.999999938151507,-10.0
004_179.JPG,3.0727058917368617,8.445948492071864,9.999411181192952,9.99917406467674,-10.0,-9.999999974088322,-10.0
004_18.JPG,3.089029894970335,8.851335283402333,9.999865978030344,9.998991454880223,-10.0,-9.999999982310788,-10.0
004_180.JPG,3.070196957703084,8.525948353269774,9.999940782727652,9.999876938011164,-10.0,9.999999996642249,10.0
004_181.JPG,3.0362091568457723,7.948513763578833,9.99479540202924,9.98362062696703,-9.999999999999964,-9.999998280166585,9.999999999999991
004_182.JPG,3.080351284262562,8.501629576716983,9.995210303569918,9.997808603956942,-9.999999999999998,-9.999999883447444,-10.0
004_183.JPG,3.0818119485556448,8.81085016029552,9.999811471236105,9.999211621481455,-10.0,-9.999999973157138,10.0
004_184.JPG,3.0660942614523035,8.447570131747826,9.998321917047477,9.999826888395354,-10.0,-9.999999993728817,-10.0
004_185.JPG,3.053059788897468,8.396371926568332,9.99959952596696,9.998743888888505,-10.0,-9.999999979990747,10.0
004_186.JPG,3.061268119974055,8.37314065172574,9.999591645571385,9.995839164928308,-9.999999999999998,-9.99999973178717,10.0
004_187.JPG,3.0518074722506374,8.187483446103286,9.99859065936917,9.999266025743484,-10.0,-9.999999982477638,10.0
004_188.JPG,3.0786510224857038,8.460958360662275,9.998957872908587,9.999266677959632,-10.0,-9.999999957488471,10.0
004_189.JPG,3.0627521612711606,8.356183133820204,9.99982842810008,9.999373492813408,-10.0,-9.99999996774416,-10.0
004_19.JPG,3.0877276021641005,8.731942459450309,9.998822870979094,9.999134260567354,-10.0,-9.999999965112904,-10.0
004_190.JPG,3.087248718914394,8.742422814793333,9.999777490033882,9.999703312684838,10.0,-9.999999989727252,10.0
004_191.JPG,3.0427951362407706,8.513345440767573,9.999309551206133,9.994219292480942,-9.999999999999998,-9.999999762637426,-9.999999999999998
004_192.JPG,3.066897603025487,8.424309430071093,9.999514746563845,9.999899839381088,-10.0,-9.99999999405146,10.0
004_193.JPG,3.091061000262409,9.037914710107058,9.999880114565789,9.999779195015616,-10.0,9.999999998139923,-10.0
004_194.JPG,3.067164968480615,8.359271528020304,9.999131058182815,9.9995586430824,10.0,9.999999982976494,-10.0
004_195.JPG,3.0728348908458996,8.557060120606824,9.999827691290193,9.99972233856912,-10.0,9.999999992167652,-10.0
004_196.JPG,3.0817304460734123,8.814070612246978,9.999601048641601,9.999814742660796,-10.0,-9.999999993360372,-10.0
004_197.JPG,3.079410561534728,8.585845859385708,9.999955983707297,9.999887052055705,-10.0,-9.999999998552443,-10.0
004_198.JPG,3.0692371258347357,8.331315088301526,9.999138161984314,9.999418659449804,-10.0,-9.999999991217651,10.0
004_199.JPG,3.039776040396982,8.039217637713746,9.998398950046925,9.999615495762717,-10.0,-9.99999996507218,-10.0
004_2.JPG,3.0615579156706643,8.39436552608755,9.998292143086168,9.998286369936421,-10.0,-9.999999909646379,10.0
004_20.JPG,3.0749553642164345,8.388657606381441,9.99956522833092,9.998979388234257,-10.0,-9.999999936144052,10.0
004_200.JPG,3.085109739012375,8.524549648982362,9.999495589784031,9.99968846801305,-10.0,-9.999999984650323,10.0
004_201.JPG,3.092273973225885,8.60132726876515,9.99978697478583,9.99973787163904,-10.0,-9.999999987144742,-10.0
004_202.JPG,3.0737712429942756,8.413428901868336,9.99946988812549,9.999977379370769,10.0,9.999999998969214,10.0
004_203.JPG,3.0758503523287253,8.560746767152983,9.998940833517189,9.997112175093275,-9.999999999999998,-9.999999886801882,-10.0
004_204.JPG,3.064966861457995,8.704575984122997,9.99948321336395,9.998048018489435,-10.0,-9.999999934751743,10.0
004_205.JPG,3.073170410221303,8.346053779149361,9.9998565351509,9.999942235336253,-10.0,-9.99999999759175,-10.0
004_206.JPG,3.0944825598894847,8.761425579007426,9.99909575180263,9.99924049376452,-10.0,-9.999999970705527,-10.0
004_207.JPG,3.0546604280275913,8.43871112165542,9.99740732510045,9.997341224844067,-9.999999999999998,-9.999999966322417,-9.999999999999998
004_208.JPG,3.0842997296036,8.666549963843005,9.99979327443337,9.99961518667689,-10.0,-9.99999999176614,-10.0
004_209.JPG,3.0849253670859036,8.444708406439752,9.998444543459435,9.99910124674834,-10.0,-9.999999983498752,10.0
004_21.JPG,3.0476198157216623,8.096379392131215,9.997939982981082,9.992178374278003,-9.999999999999998,-9.99999930383463,9.999999999999993
004_210.JPG,3.089066209638624,8.77561996167648,9.998953107242297,9.998666795418723,-10.0,-9.999999959414433,10.0
004_211.JPG,3.0878921119849267,8.71858868120353,9.999782299504849,9.99959408698633,-10.0,-9.99999999097776,10.0
004_212.JPG,3.0925985341147997,8.646854419344168,9.999197145396018,9.999339949004426,-10.0,-9.999999969451006,10.0
004_213.JPG,3.0975655686147334,8.695984329991257,9.997324939543164,9.999067360141252,-10.0,-9.999999970479882,-10.0
004_214.JPG,3.0674826022053434,8.335226352827801,9.99810117312026,9.998687494511934,10.0,9.999999948684213,-10.0
004_215.JPG,3.0833634868552053,8.584114645564123,9.999488384169288,9.99969794526286,10.0,9.999999984876437,10.0
004_216.JPG,3.0649640211068725,8.537894855857749,9.995621404487892,9.998879325922143,10.0,9.99999994066638,-10.0
004_217.JPG,3.0756181826441966,8.640525045447424,9.997760033417501,9.999021640248241,10.0,9.999999954820785,10.0
004_218.JPG,3.0740739590579387,8.453235964905364,9.999168269450129,9.999658360619978,10.0,9.999999987066616,-10.0
004_219.JPG,3.075485605808997,8.554456020069777,9.997055515263225,9.999071542264781,-10.0,9.999999967068048,10.0
004_22.JPG,3.0737371494480046,8.41770375447309,9.999793200121983,9.999576014666617,-10.0,-9.999999974342975,10.0
004_220.JPG,3.0804009743656953,8.522920401004917,9.99965763097716,9.9996158981201,10.0,-9.999999988680667,10.0
004_221.JPG,3.0892463837126125,8.657264002196008,9.999892495461559,9.998118497490912,-10.0,-9.999999918551685,-10.0
004_222.JPG,3.0619750834285018,8.381062550095576,9.998364933794441,9.999567592887502,10.0,9.99999998265049,-10.0
004_223.JPG,3.0790134404143616,8.476400455814902,9.99996024401538,9.999992112046654,-10.0,9.999999999557655,10.0
004_224.JPG,3.082690644590042,8.406371218565209,9.99606896900918,9.998778698723925,-10.0,-9.999999972567455,-10.0
004_225.JPG,3.081672811335984,8.550708736942063,9.997617533241689,9.999746726473825,-10.0,-9.99999999775343,10.0
004_226.JPG,3.055507734981529,8.153239360355231,9.992888317054048,9.99785725278199,-10.0,9.999999896192822,9.999999999999998
004_227.JPG,3.0508571471356203,8.250077833080521,9.999947286682694,9.999513061883027,-10.0,9.999999963871714,10.0
004_228.JPG,3.062124535691755,8.557708412953017,9.998786339552684,9.997556133543261,-10.0,-9.99999996441662,-10.0
004_229.JPG,3.077385521827772,8.640563736574954,9.998718882348848,9.997657324985544,-10.0,-9.999999953263861,-10.0
004_23.JPG,3.075383228453964,8.17793423754299,9.999165262537252,9.999374513421046,10.0,9.999999966811751,10.0
004_230.JPG,3.0742084537901024,8.421603889027432,9.998849910260853,9.99993170569258,-10.0,-9.999999998784409,-10.0
004_231.JPG,3.076028937433785,8.538725621899141,9.999614430037134,9.999259245751714,-10.0,-9.999999967201777,10.0
004_232.JPG,3.066936623272622,8.237026466781007,9.995149664432846,9.99733514346203,-9.999999999999998,-9.999999812422228,9.999999999999998
004_233.JPG,3.0844524061029106,8.41665344830694,9.999109789963804,9.999775295086367,10.0,9.999999986271956,-10.0
004_234.JPG,3.0482481098101406,8.221596321909708,9.999926005955503,9.998804308597954,-10.0,-9.999999908377196,-10.0
004_235.JPG,3.03676505121851,8.531924703316069,9.997826089362801,9.994164283607542,9.999999999999996,-9.999999687235096,9.999999999999996
004_236.JPG,3.0725223685484044,8.284922483685348,9.998473400756046,9.999937121571474,-10.0,-9.999999999557515,-10.0
004_237.JPG,3.0696309076556245,8.444091040083572,9.996783216369451,9.999396542085316,10.0,9.999999965083232,-10.0
004_238.JPG,3.070467818275061,8.314731182954604,9.998361423201706,9.99950803566051,10.0,9.99999996631599,10.0
004_239.JPG,3.046241156412119,8.152379228850341,9.99963058260138,9.999940624577578,10.0,9.999999997465142,10.0
004_24.JPG,3.0768361654038303,8.53958268799681,9.99847547941108,9.99749156586392,-9.999999999999998,-9.999999869660872,-10.0
004_240.JPG,3.0694571091324243,8.406233697997434,9.999336689761698,9.999536730272807,10.0,-9.999999972274125,10.0
004_241.JPG,3.081285925556594,8.436928903844171,9.997400825375529,9.999234376261564,-10.0,9.999999989061939,-10.0
004_242.JPG,3.0926662479151164,8.98111026345359,9.998845681136618,9.999813978553973,10.0,9.999999997428036,-10.0
004_243.JPG,3.0461176778909214,8.197101141036358,9.999405546755591,9.99997930294329,10.0,9.999999998549946,-10.0
004_244.JPG,3.076750862782239,8.437470139489571,9.997363115198944,9.999411193369827,-10.0,-9.999999965943957,10.0
004_245.JPG,3.0571684598182807,8.388307384233384,9.999751844854572,9.999879533585485,10.0,-9.999999994224883,-10.0
004_246.JPG,3.0330025248876873,8.350994553879339,9.99669097258896,9.998407566456915,-10.0,-9.999999939163718,-10.0
004_247.JPG,3.030362183947639,8.64853791294017,9.997873504082854,9.994313917766787,9.999999999999996,-9.999999735924744,-9.999999999999998
004_248.JPG,3.0690216007828672,8.604166537964904,9.998918464926764,9.993024739504492,-9.999999999999996,-9.999999660409546,9.999999999999996
004_249.JPG,3.0516351623844757,8.518778652206262,9.999539517191781,9.999676024315166,-10.0,-9.999999988777933,-10.0
004_25.JPG,3.086855142585383,8.477685906257507,9.99918975710678,9.999186362370336,-10.0,-9.99999998934183,10.0
004_250.JPG,3.085803830982343,8.635679957400956,9.999216120730534,9.999484209762873,10.0,-9.99999998868721,-10.0
004_251.JPG,3.054821037775678,8.50852158153465,9.999602964290464,9.998146396902861,-10.0,-9.999999993678943,10.0
004_252.JPG,3.083896484227142,9.181948081350095,9.999887665480717,9.999650691177775,-10.0,-9.999999992669066,10.0
004_253.JPG,3.0467714838789846,8.608089814409803,9.999957027797521,9.998795506380295,-10.0,-9.9999999597058,-10.0
004_254.JPG,3.0722657456209426,8.461305616555638,9.999999027295491,9.999937318597052,10.0,9.99999999639219,10.0
004_255.JPG,3.1057659487469884,8.833107338326565,9.999122603862288,9.998941319380263,-10.0,-9.99999996078844,10.0
004_256.JPG,3.0824496891037363,8.580937319924244,9.999940750400947,9.999998116543033,10.0,9.999999999921748,10.0
004_257.JPG,3.0663624476552944,8.38627744039138,9.997405393502772,9.997463458925122,-10.0,-9.999999924481,9.999999999999998
004_258.JPG,3.031921899788207,8.39248158432741,9.996580419582807,9.999458396248897,10.0,-9.999999973035573,10.0
004_259.JPG,3.067836603712911,8.323064779226822,9.999497216911307,9.998390343744862,-10.0,-9.999999901071668,10.0
004_26.JPG,3.0747859021921977,8.54557561054706,9.999964665593012,9.999458594065034,10.0,-9.999999977467398,10.0
004_260.JPG,3.074076151889002,8.29394879434348,9.998712401149765,9.996531798891422,-9.999999999999998,-9.999999817926355,10.0
004_261.JPG,3.080375745991652,8.365190404615104,9.998226554179947,9.998723601774223,-10.0,-9.999999917929346,10.0
004_262.JPG,3.0826729669513293,8.706778056876038,9.999654262737232,9.999012782536045,-10.0,-9.999999969747513,10.0
004_263.JPG,3.0899247655654776,8.512197010238626,9.999484924620228,9.998775193926864,-10.0,-9.999999942316412,-10.0
004_264.JPG,3.0983434825689655,8.623221134153415,9.999061091899334,9.997407321968547,-10.0,-9.999999876071385,-10.0
004_265.JPG,3.0877734582349543,8.572147582556719,9.99915331993847,9.998328740876062,-10.0,-9.99999992174437,-10.0
004_266.JPG,3.0560743754908573,8.538717671836958,9.999830447625317,9.997986851136478,-10.0,-9.999999893598478,10.0
004_267.JPG,3.0810468472123462,8.67461070847118,9.99885450832338,9.999885211988236,10.0,9.999999994854715,-10.0
004_268.JPG,3.077567902720551,8.52147245869549,9.999913835351622,9.999589815310927,10.0,-9.999999981488665,-10.0
004_269.JPG,3.087388085539253,8.692264912614672,9.999493407036509,9.997789086242985,-10.0,-9.99999992392283,10.0
004_27.JPG,3.0530671624490004,8.292312206401926,9.999379998235284,9.999407421318203,-10.0,-9.999999959614652,10.0
004_270.JPG,3.0676425505630722,8.321523168686793,9.997725468632858,9.997328423423978,10.0,9.999999920223928,9.999999999999998
004_271.JPG,3.0858806576475417,8.669250405654726,9.999920856429664,9.99965833666884,-10.0,-9.999999988534562,10.0
004_272.JPG,3.068041475458853,8.355806893397473,9.999831663439569,9.998160897012788,10.0,9.999999979458504,-10.0
004_273.JPG,3.0741593676439356,8.437733160757192,9.99964002935366,9.99834184447846,-10.0,-9.999999917182874,10.0
004_274.JPG,3.0616576748073303,8.358508062269445,9.999845025738352,9.998561788704077,-10.0,9.999999907664037,10.0
004_275.JPG,3.070364484240303,8.356657507091267,9.997869042173676,9.999107975135026,-10.0,-9.999999982252003,-10.0
004_276.JPG,3.048659779160415,8.491609125095316,9.999918013666349,9.99708702332676,10.0,9.999999975815127,-10.0
004_277.JPG,3.0850106208718087,8.783742176646195,9.999945600885013,9.99971461811695,-10.0,-9.999999997206237,-10.0
004_278.JPG,3.09307987175557,8.584656197436074,9.999879331912718,9.998790962876885,10.0,-9.99999994129909,10.0
004_279.JPG,3.0422835987394854,8.471897008635564,9.999060569197347,9.997462587954312,10.0,-9.999999922800145,-10.0
004_28.JPG,3.055514224691532,8.206584273676839,9.996364962089563,9.997450549165446,-10.0,9.999999979711637,9.999999999999998
004_280.JPG,3.077379005335693,8.563037937306396,9.997502213064113,9.997338285518618,-9.999999999999998,-9.999999876362482,-10.0
004_29.JPG,3.0626658261955115,8.24314821372165,9.999635756584114,9.99922786895561,-10.0,9.999999988664706,10.0
004_3.JPG,3.0549788563512013,8.261970209298488,9.999273094356155,9.997071608041159,10.0,-9.999999805655552,9.999999999999998
004_30.JPG,3.0717290482094137,8.393776917701217,9.999120663504586,9.997628628419484,-10.0,-9.999999897202725,10.0
004_31.JPG,3.0654728977801744,8.399702305291886,9.999189438506749,9.999544703238461,-10.0,-9.99999997200307,10.0
004_32.JPG,3.0803106758026235,8.525085355483167,9.999344965951217,9.999834189358186,10.0,9.999999992084255,-10.0
004_33.JPG,3.061615233517653,8.21217110635993,9.998412614172986,9.999617195692693,10.0,9.99999997626373,10.0
004_34.JPG,3.0655082136797143,8.7686456173529,9.999888006620719,9.999717579594167,-10.0,-9.999999989739697,10.0
004_35.JPG,3.077612853991624,8.44775573736469,9.999988781146163,9.999988868959536,-10.0,9.999999999353994,10.0
004_36.JPG,3.0798784086786926,8.501381287814398,9.999093190641567,9.997496196031236,-10.0,-9.999999864640483,10.0
004_37.JPG,3.0822914719183783,8.658052293813684,9.99996720531141,9.99986025654581,-10.0,-9.999999994023568,-10.0
004_38.JPG,3.071737316225086,8.335975605582327,9.999825348516612,9.998502057306778,-10.0,-9.999999963677206,10.0
004_39.JPG,3.056721905077909,8.304395650343467,9.999144175193193,9.998050240098895,10.0,-9.999999898140434,10.0
004_4.JPG,3.081556598245875,8.715282350275245,9.999457300273638,9.999152018713826,-10.0,-9.999999968690355,10.0
004_40.JPG,3.072692135668196,8.639251549201674,9.999692814475036,9.998587916475673,-10.0,-9.999999956152868,10.0
004_41.JPG,3.084081731939694,8.600177677837566,9.999334899263713,9.999612862596146,-10.0,-9.999999981428921,10.0
004_42.JPG,3.071301354807359,8.380407889401864,9.999982037914481,9.999304371957008,-10.0,-9.999999965138615,10.0
004_43.JPG,3.096693821556645,8.604937889411179,9.999812187287809,9.999965131583021,10.0,-9.999999999189383,10.0
004_44.JPG,3.0790985243175584,8.49004498045096,9.999904524349143,9.999306724493024,-10.0,-9.999999964223562,10.0
004_45.JPG,3.035586498284777,8.369136294488635,9.980429376630157,9.991469252424805,-9.999999999999975,-9.99999968777352,-9.999999999999993
004_46.JPG,3.084073285702449,8.550282247651472,9.999897301811545,9.999893193387791,10.0,9.999999998306725,-10.0
004_47.JPG,3.0749497058919597,8.58897053245281,9.999633399734362,9.999635084758966,-10.0,-9.999999996992562,10.0
004_48.JPG,3.083373688627862,8.45311718910381,9.999650822606739,9.998964280015139,-10.0,-9.999999968728536,10.0
004_49.JPG,3.0788051488045474,8.452561547280512,9.999466302413367,9.999144326680772,-10.0,-9.999999988708984,10.0
004_5.JPG,3.060006007390191,8.393143846895898,9.99890427472252,9.998803644093632,10.0,9.999999971793223,10.0
004_50.JPG,3.0868489762588127,8.49103146160446,9.999851078094997,9.99995607947175,-10.0,-9.999999997778037,10.0
004_51.JPG,3.0833814221669025,8.68713887551047,9.99983630414415,9.999093426344418,10.0,9.999999962750174,10.0
004_52.JPG,3.058316019394904,8.267155254176037,9.999822554471104,9.999784415091522,-10.0,-9.999999993321183,10.0
004_53.JPG,3.0846315557685338,8.684040234285257,9.999770611678914,9.999304570280417,-10.0,-9.999999971638335,10.0
004_54.JPG,3.078854454060471,8.636320641706412,9.999803016319932,9.9996439605287,-10.0,9.999999990558551,10.0
004_55.JPG,3.0838076710422744,8.507214087074672,9.999625639073647,9.999884889373075,-10.0,-9.999999994457092,10.0
004_56.JPG,3.077984181273167,8.722712442656615,9.999270947834239,9.998029753124522,-10.0,-9.999999916593216,10.0
004_57.JPG,3.079628987896874,8.622582940235079,9.999895291179055,9.999961333393015,10.0,9.999999998439087,10.0
004_58.JPG,3.0687439162217784,8.268864429302592,9.999153066284697,9.999429972457964,10.0,-9.999999986297217,10.0
004_59.JPG,3.0703262959755246,8.448948213655099,9.99890504720778,9.99918558082106,-10.0,-9.999999958089097,10.0
004_6.JPG,3.0532441451449994,8.211810277586684,9.999882015905074,9.999149129868403,-10.0,-9.999999964087047,-10.0
004_60.JPG,3.070587591312648,8.482262588561948,9.99851606959801,9.998395437361014,-10.0,-9.99999992301599,-10.0
004_61.JPG,3.0897491259699135,8.617269935013379,9.999976301011893,9.999977796318316,-10.0,-9.999999999395067,-10.0
004_62.JPG,3.0738546287220987,8.470516240615373,9.999439179126428,9.999034784732627,-10.0,-9.99999994608526,10.0
004_63.JPG,3.0814737792045315,8.628106851541608,9.99951600904181,9.999198925175573,-10.0,-9.999999999632415,10.0
004_64.JPG,3.026555346086207,8.216936952903367,9.990198583292024,9.980927653496417,9.999999999999968,-9.999998514468688,9.999999999999947
004_65.JPG,3.067102296598771,8.464210323700645,9.999841902623423,9.999721600616423,10.0,9.999999999295481,-10.0
004_66.JPG,3.0705525368478166,8.463822124481318,9.999753259203816,9.99981658988277,-10.0,-9.999999990326549,-10.0
004_67.JPG,3.0834656091768124,8.531724572863572,9.999739110623112,9.99939991533766,-10.0,-9.999999984424706,10.0
004_68.JPG,3.0912107913194475,8.723381633392913,9.999339429623344,9.999246201220098,-10.0,-9.999999968709142,10.0
004_69.JPG,3.056664750086225,8.442479053635767,9.999295640923641,9.99985310416364,10.0,9.999999991328556,-10.0
004_7.JPG,3.0865623131848174,8.71522635002957,9.999059744209092,9.997394992459961,-10.0,-9.999999916336089,10.0
004_70.JPG,3.0834400331008434,8.579026533792634,9.999756549992412,9.999917597946403,-10.0,-9.999999995850237,-10.0
004_71.JPG,3.07343775362177,8.491683145463266,9.999181524576121,9.999408337565828,-10.0,-9.999999968487781,10.0
004_72.JPG,3.0708095021698174,8.446620555571071,9.997680118096408,9.99996519998695,10.0,9.999999998087388,-10.0
004_73.JPG,3.068633848224445,8.416249797912618,9.999686267366512,9.999536298173807,-10.0,-9.999999971724247,-10.0
004_74.JPG,3.078160506252686,8.618314545937732,9.999877933347397,9.99911687489094,-10.0,-9.999999976755145,10.0
004_75.JPG,3.084918425002103,8.65087992818062,9.99911312674638,9.998610494771764,-10.0,-9.999999950221902,10.0
004_76.JPG,3.075476875113481,8.441495029562795,9.999995441063241,9.999880341900617,-10.0,9.999999999355937,-10.0
004_77.JPG,3.080225119869091,8.599719291938708,9.999869573311573,9.999764140774806,-10.0,-9.999999993660868,-10.0
004_78.JPG,3.0854738877973493,8.68086777205741,9.998408115256074,9.9991224566276,-10.0,-9.999999975045624,10.0
004_79.JPG,3.0970752183801276,8.7960710295729,9.998421250751429,9.998055836700312,-10.0,-9.999999929519943,-10.0
004_8.JPG,3.073676794576255,8.559939375094515,9.999898363010317,9.999747671625203,-10.0,-9.999999987150197,10.0
004_80.JPG,3.0747115418158075,8.500021559849941,9.999693063405418,9.999250202722857,-10.0,-9.999999958810934,10.0
004_81.JPG,3.069585640497097,8.420550632909343,9.998796188113214,9.999706490127634,10.0,9.999999982178919,-10.0
004_82.JPG,3.093646871360709,9.054890019192198,9.999969379444206,9.99979139499147,-10.0,-9.999999994215427,-10.0
004_83.JPG,3.080381879542532,8.561146669248592,9.999670764618742,9.999611015055622,10.0,9.99999998012454,-10.0
004_84.JPG,3.09203268187962,8.787732495395673,9.99997297239286,9.999923017679352,-10.0,9.99999999918935,10.0
004_85.JPG,3.068376970849604,8.498811886009337,9.999997604543166,9.999825209838031,-10.0,-9.99999999576401,10.0
004_86.JPG,3.0704822843548785,8.419992907657383,9.999736092462651,9.999961024976233,-10.0,9.999999998250845,-10.0
004_87.jpg,3.0938173646525047,8.744577164021706,9.999955014138788,9.999936436752039,10.0,9.999999999755838,10.0
004_88.JPG,3.089379053179248,8.7049724655879,9.999214279386413,9.99789841186854,-10.0,-9.999999929338045,-10.0
004_89.JPG,3.066003076623281,8.35362768419233,9.99931174308745,9.999536618295835,10.0,9.999999974828507,-10.0
004_9.JPG,3.0520629671404493,8.263895334823735,9.997368577558483,9.994057994863057,-9.999999999999995,-9.999999680425315,-10.0
004_90.JPG,3.079360125979262,8.545299980167684,9.998620998821982,9.999046753644453,10.0,9.999999964068655,10.0
004_91.JPG,3.091395093653361,8.602791395059311,9.999744100307069,9.999536482744547,-10.0,9.999999997403377,10.0
004_92.JPG,3.0786790263800676,8.498880814037847,9.999443355715012,9.999325338282297,-10.0,-9.999999963960464,10.0
004_93.JPG,3.0901422728829373,8.837659756986278,9.999860770476072,9.99975744179796,-10.0,-9.99999999394442,10.0
004_94.JPG,3.083073208911427,8.55651497889338,9.999292372010133,9.999451850225324,-10.0,-9.999999971636038,-10.0
004_95.JPG,3.06261978283954,8.305230003768186,9.999836827599228,9.999368507131921,-10.0,-9.999999982522402,10.0
004_96.JPG,3.079492970537535,8.69417271711897,9.999856107209146,9.999575864813272,-10.0,-9.999999981401691,10.0
004_97.JPG,3.0827682051546104,8.503400208674012,9.999552151979808,9.998934912468323,10.0,9.999999950704325,-10.0
004_98.jpg,3.0952591362106916,8.755233855886559,9.999964656688226,9.999745581347828,-10.0,-9.999999997155157,-10.0
004_99.JPG,3.0933010112321164,8.751227019702913,9.999859059455813,9.999711616122358,-10.0,-9.999999993067368,-10.0
